id;email;password;first_name;last_name;phone_number
1;Earnest_Ryan@yahoo.com;Kuwait;Nyasia;Pfannerstill;compressing
2;Madalyn_Satterfield@gmail.com;networks disintermediate array;Tracey;Gibson;strategy Metrics
3;Lauren_Hessel@yahoo.com;Grocery;Laisha;Rempel;Handcrafted Rubber Car fault-tolerant Internal
4;Pablo60@hotmail.com;compressing content quantify;Abbigail;Schmitt;Internal
5;Aylin_Brakus37@hotmail.com;Legacy;Horacio;Kertzmann;Cambridgeshire Concrete
6;Bettie.Jenkins69@gmail.com;multi-byte Wooden grey;Julianne;Rolfson;Avon Licensed
7;Adriana.Brakus4@yahoo.com;transitional Idaho Villages;Margarete;Shields;context-sensitive approach copying
8;Justyn78@yahoo.com;Chair Via;Isidro;Ward;Bike Proactive bandwidth
9;Kimberly_Wolff82@yahoo.com;Product;Lola;Larkin;global
10;Abraham.Durgan94@gmail.com;Fantastic;Geraldine;D'Amore;Gorgeous Wooden Pants
