id;street_address;postal_code;city
1;Secured productize;schemas;Octaviafurt
2;olive Ghana Games;users Savings Account;Hauckmouth
3;Licensed Plastic Hat;International Peso Uruguayo Uruguay Peso en Unidades Indexadas;Wilfredland
4;Forward Sports Falkland Islands (Malvinas);Gold index;Lake Desiree
5;virtual District Savings Account;parse;D'Amoreton
6;Bedfordshire;24 hour Investor Concrete;North Ashly
7;COM Concrete sky blue;Bolivar Fuerte backing up;Boganmouth
8;Forward Refined Frozen Cheese Mali;Checking Account analyzer Licensed Fresh Salad;Lake Dedrick
9;e-services;EXE Illinois;North Ewald
10;Rubber compelling Algeria;Fantastic Plastic Computer invoice;Corkerymouth
